,instrument_token,exchange_token,tradingsymbol,name,last_price,expiry,strike,tick_size,lot_size,instrument_type,segment,exchange
46251,9485826,37054,NIFTY2460622550CE,NIFTY,0.0,2024-06-06,22550.0,0.05,25,CE,NFO-OPT,NFO
46375,9465346,36974,NIFTY2460621900CE,NIFTY,0.0,2024-06-06,21900.0,0.05,25,CE,NFO-OPT,NFO
46376,9465602,36975,NIFTY2460621900PE,NIFTY,0.0,2024-06-06,21900.0,0.05,25,PE,NFO-OPT,NFO
46377,9464834,36972,NIFTY2460621850CE,NIFTY,0.0,2024-06-06,21850.0,0.05,25,CE,NFO-OPT,NFO
46378,9465090,36973,NIFTY2460621850PE,NIFTY,0.0,2024-06-06,21850.0,0.05,25,PE,NFO-OPT,NFO
46379,9464066,36969,NIFTY2460621800CE,NIFTY,0.0,2024-06-06,21800.0,0.05,25,CE,NFO-OPT,NFO
46380,9464578,36971,NIFTY2460621800PE,NIFTY,0.0,2024-06-06,21800.0,0.05,25,PE,NFO-OPT,NFO
46381,9463298,36966,NIFTY2460621750CE,NIFTY,0.0,2024-06-06,21750.0,0.05,25,CE,NFO-OPT,NFO
46382,9463554,36967,NIFTY2460621750PE,NIFTY,0.0,2024-06-06,21750.0,0.05,25,PE,NFO-OPT,NFO
46383,9460994,36957,NIFTY2460621700CE,NIFTY,0.0,2024-06-06,21700.0,0.05,25,CE,NFO-OPT,NFO
46374,9467906,36984,NIFTY2460621950PE,NIFTY,0.0,2024-06-06,21950.0,0.05,25,PE,NFO-OPT,NFO
46384,9461250,36958,NIFTY2460621700PE,NIFTY,0.0,2024-06-06,21700.0,0.05,25,PE,NFO-OPT,NFO
46386,9460738,36956,NIFTY2460621650PE,NIFTY,0.0,2024-06-06,21650.0,0.05,25,PE,NFO-OPT,NFO
46387,9459970,36953,NIFTY2460621600CE,NIFTY,0.0,2024-06-06,21600.0,0.05,25,CE,NFO-OPT,NFO
46388,9460226,36954,NIFTY2460621600PE,NIFTY,0.0,2024-06-06,21600.0,0.05,25,PE,NFO-OPT,NFO
46389,9459458,36951,NIFTY2460621550CE,NIFTY,0.0,2024-06-06,21550.0,0.05,25,CE,NFO-OPT,NFO
46390,9459714,36952,NIFTY2460621550PE,NIFTY,0.0,2024-06-06,21550.0,0.05,25,PE,NFO-OPT,NFO
46391,9458434,36947,NIFTY2460621500CE,NIFTY,0.0,2024-06-06,21500.0,0.05,25,CE,NFO-OPT,NFO
46392,9458690,36948,NIFTY2460621500PE,NIFTY,0.0,2024-06-06,21500.0,0.05,25,PE,NFO-OPT,NFO
46393,9456130,36938,NIFTY2460621450CE,NIFTY,0.0,2024-06-06,21450.0,0.05,25,CE,NFO-OPT,NFO
46394,9456386,36939,NIFTY2460621450PE,NIFTY,0.0,2024-06-06,21450.0,0.05,25,PE,NFO-OPT,NFO
46385,9460482,36955,NIFTY2460621650CE,NIFTY,0.0,2024-06-06,21650.0,0.05,25,CE,NFO-OPT,NFO
46373,9465858,36976,NIFTY2460621950CE,NIFTY,0.0,2024-06-06,21950.0,0.05,25,CE,NFO-OPT,NFO
46372,9469954,36992,NIFTY2460622000PE,NIFTY,0.0,2024-06-06,22000.0,0.05,25,PE,NFO-OPT,NFO
46371,9468418,36986,NIFTY2460622000CE,NIFTY,0.0,2024-06-06,22000.0,0.05,25,CE,NFO-OPT,NFO
46350,9508610,37143,NIFTY2460623300CE,NIFTY,0.0,2024-06-06,23300.0,0.05,25,CE,NFO-OPT,NFO
46351,9508866,37144,NIFTY2460623300PE,NIFTY,0.0,2024-06-06,23300.0,0.05,25,PE,NFO-OPT,NFO
46352,9506050,37133,NIFTY2460623250CE,NIFTY,0.0,2024-06-06,23250.0,0.05,25,CE,NFO-OPT,NFO
46353,9506306,37134,NIFTY2460623250PE,NIFTY,0.0,2024-06-06,23250.0,0.05,25,PE,NFO-OPT,NFO
46354,9504514,37127,NIFTY2460623200CE,NIFTY,0.0,2024-06-06,23200.0,0.05,25,CE,NFO-OPT,NFO
46355,9504770,37128,NIFTY2460623200PE,NIFTY,0.0,2024-06-06,23200.0,0.05,25,PE,NFO-OPT,NFO
46356,9502978,37121,NIFTY2460623150CE,NIFTY,0.0,2024-06-06,23150.0,0.05,25,CE,NFO-OPT,NFO
46357,9503490,37123,NIFTY2460623150PE,NIFTY,0.0,2024-06-06,23150.0,0.05,25,PE,NFO-OPT,NFO
46358,9500674,37112,NIFTY2460623100CE,NIFTY,0.0,2024-06-06,23100.0,0.05,25,CE,NFO-OPT,NFO
46359,9502722,37120,NIFTY2460623100PE,NIFTY,0.0,2024-06-06,23100.0,0.05,25,PE,NFO-OPT,NFO
46360,9498882,37105,NIFTY2460623050CE,NIFTY,0.0,2024-06-06,23050.0,0.05,25,CE,NFO-OPT,NFO
46361,9499138,37106,NIFTY2460623050PE,NIFTY,0.0,2024-06-06,23050.0,0.05,25,PE,NFO-OPT,NFO
46362,9498370,37103,NIFTY2460623000CE,NIFTY,0.0,2024-06-06,23000.0,0.05,25,CE,NFO-OPT,NFO
46363,9498626,37104,NIFTY2460623000PE,NIFTY,0.0,2024-06-06,23000.0,0.05,25,PE,NFO-OPT,NFO
46364,9497858,37101,NIFTY2460622950CE,NIFTY,0.0,2024-06-06,22950.0,0.05,25,CE,NFO-OPT,NFO
46365,9473026,37004,NIFTY2460622150CE,NIFTY,0.0,2024-06-06,22150.0,0.05,25,CE,NFO-OPT,NFO
46366,9473282,37005,NIFTY2460622150PE,NIFTY,0.0,2024-06-06,22150.0,0.05,25,PE,NFO-OPT,NFO
46367,9472514,37002,NIFTY2460622100CE,NIFTY,0.0,2024-06-06,22100.0,0.05,25,CE,NFO-OPT,NFO
46368,9472770,37003,NIFTY2460622100PE,NIFTY,0.0,2024-06-06,22100.0,0.05,25,PE,NFO-OPT,NFO
46369,9472002,37000,NIFTY2460622050CE,NIFTY,0.0,2024-06-06,22050.0,0.05,25,CE,NFO-OPT,NFO
46370,9472258,37001,NIFTY2460622050PE,NIFTY,0.0,2024-06-06,22050.0,0.05,25,PE,NFO-OPT,NFO
46395,9455618,36936,NIFTY2460621400CE,NIFTY,0.0,2024-06-06,21400.0,0.05,25,CE,NFO-OPT,NFO
46349,9510402,37150,NIFTY2460623350PE,NIFTY,0.0,2024-06-06,23350.0,0.05,25,PE,NFO-OPT,NFO
46397,9454594,36932,NIFTY2460621350CE,NIFTY,0.0,2024-06-06,21350.0,0.05,25,CE,NFO-OPT,NFO
46399,9453826,36929,NIFTY2460621300CE,NIFTY,0.0,2024-06-06,21300.0,0.05,25,CE,NFO-OPT,NFO
46425,9437698,36866,NIFTY2460620650CE,NIFTY,0.0,2024-06-06,20650.0,0.05,25,CE,NFO-OPT,NFO
46426,9438210,36868,NIFTY2460620650PE,NIFTY,0.0,2024-06-06,20650.0,0.05,25,PE,NFO-OPT,NFO
46427,9437186,36864,NIFTY2460620600CE,NIFTY,0.0,2024-06-06,20600.0,0.05,25,CE,NFO-OPT,NFO
46428,9437442,36865,NIFTY2460620600PE,NIFTY,0.0,2024-06-06,20600.0,0.05,25,PE,NFO-OPT,NFO
46429,9436418,36861,NIFTY2460620550CE,NIFTY,0.0,2024-06-06,20550.0,0.05,25,CE,NFO-OPT,NFO
46430,9436674,36862,NIFTY2460620550PE,NIFTY,0.0,2024-06-06,20550.0,0.05,25,PE,NFO-OPT,NFO
46431,9435906,36859,NIFTY2460620500CE,NIFTY,0.0,2024-06-06,20500.0,0.05,25,CE,NFO-OPT,NFO
46432,9436162,36860,NIFTY2460620500PE,NIFTY,0.0,2024-06-06,20500.0,0.05,25,PE,NFO-OPT,NFO
46433,9433858,36851,NIFTY2460620450CE,NIFTY,0.0,2024-06-06,20450.0,0.05,25,CE,NFO-OPT,NFO
46424,9439746,36874,NIFTY2460620700PE,NIFTY,0.0,2024-06-06,20700.0,0.05,25,PE,NFO-OPT,NFO
46434,9435138,36856,NIFTY2460620450PE,NIFTY,0.0,2024-06-06,20450.0,0.05,25,PE,NFO-OPT,NFO
46436,9277698,36241,NIFTY2460620400PE,NIFTY,0.0,2024-06-06,20400.0,0.05,25,PE,NFO-OPT,NFO
46437,9274370,36228,NIFTY2460620350CE,NIFTY,0.0,2024-06-06,20350.0,0.05,25,CE,NFO-OPT,NFO
46438,9274626,36229,NIFTY2460620350PE,NIFTY,0.0,2024-06-06,20350.0,0.05,25,PE,NFO-OPT,NFO
46439,9183746,35874,NIFTY2460620300CE,NIFTY,0.0,2024-06-06,20300.0,0.05,25,CE,NFO-OPT,NFO
46440,9184002,35875,NIFTY2460620300PE,NIFTY,0.0,2024-06-06,20300.0,0.05,25,PE,NFO-OPT,NFO
46441,9182210,35868,NIFTY2460620250CE,NIFTY,0.0,2024-06-06,20250.0,0.05,25,CE,NFO-OPT,NFO
46442,9182466,35869,NIFTY2460620250PE,NIFTY,0.0,2024-06-06,20250.0,0.05,25,PE,NFO-OPT,NFO
46443,9181698,35866,NIFTY2460620200CE,NIFTY,0.0,2024-06-06,20200.0,0.05,25,CE,NFO-OPT,NFO
46444,9181954,35867,NIFTY2460620200PE,NIFTY,0.0,2024-06-06,20200.0,0.05,25,PE,NFO-OPT,NFO
46435,9276930,36238,NIFTY2460620400CE,NIFTY,0.0,2024-06-06,20400.0,0.05,25,CE,NFO-OPT,NFO
46423,9438466,36869,NIFTY2460620700CE,NIFTY,0.0,2024-06-06,20700.0,0.05,25,CE,NFO-OPT,NFO
46422,9440258,36876,NIFTY2460620750PE,NIFTY,0.0,2024-06-06,20750.0,0.05,25,PE,NFO-OPT,NFO
46421,9440002,36875,NIFTY2460620750CE,NIFTY,0.0,2024-06-06,20750.0,0.05,25,CE,NFO-OPT,NFO
46400,9454338,36931,NIFTY2460621300PE,NIFTY,0.0,2024-06-06,21300.0,0.05,25,PE,NFO-OPT,NFO
46401,9453314,36927,NIFTY2460621250CE,NIFTY,0.0,2024-06-06,21250.0,0.05,25,CE,NFO-OPT,NFO
46402,9453570,36928,NIFTY2460621250PE,NIFTY,0.0,2024-06-06,21250.0,0.05,25,PE,NFO-OPT,NFO
46403,9452802,36925,NIFTY2460621200CE,NIFTY,0.0,2024-06-06,21200.0,0.05,25,CE,NFO-OPT,NFO
46404,9453058,36926,NIFTY2460621200PE,NIFTY,0.0,2024-06-06,21200.0,0.05,25,PE,NFO-OPT,NFO
46405,9449986,36914,NIFTY2460621150CE,NIFTY,0.0,2024-06-06,21150.0,0.05,25,CE,NFO-OPT,NFO
46406,9452546,36924,NIFTY2460621150PE,NIFTY,0.0,2024-06-06,21150.0,0.05,25,PE,NFO-OPT,NFO
46407,9446914,36902,NIFTY2460621100CE,NIFTY,0.0,2024-06-06,21100.0,0.05,25,CE,NFO-OPT,NFO
46408,9449730,36913,NIFTY2460621100PE,NIFTY,0.0,2024-06-06,21100.0,0.05,25,PE,NFO-OPT,NFO
46409,9446402,36900,NIFTY2460621050CE,NIFTY,0.0,2024-06-06,21050.0,0.05,25,CE,NFO-OPT,NFO
46410,9446658,36901,NIFTY2460621050PE,NIFTY,0.0,2024-06-06,21050.0,0.05,25,PE,NFO-OPT,NFO
46411,9445890,36898,NIFTY2460621000CE,NIFTY,0.0,2024-06-06,21000.0,0.05,25,CE,NFO-OPT,NFO
46412,9446146,36899,NIFTY2460621000PE,NIFTY,0.0,2024-06-06,21000.0,0.05,25,PE,NFO-OPT,NFO
46413,9444354,36892,NIFTY2460620950CE,NIFTY,0.0,2024-06-06,20950.0,0.05,25,CE,NFO-OPT,NFO
46414,9445634,36897,NIFTY2460620950PE,NIFTY,0.0,2024-06-06,20950.0,0.05,25,PE,NFO-OPT,NFO
46415,9441538,36881,NIFTY2460620900CE,NIFTY,0.0,2024-06-06,20900.0,0.05,25,CE,NFO-OPT,NFO
46416,9444098,36891,NIFTY2460620900PE,NIFTY,0.0,2024-06-06,20900.0,0.05,25,PE,NFO-OPT,NFO
46417,9441026,36879,NIFTY2460620850CE,NIFTY,0.0,2024-06-06,20850.0,0.05,25,CE,NFO-OPT,NFO
46418,9441282,36880,NIFTY2460620850PE,NIFTY,0.0,2024-06-06,20850.0,0.05,25,PE,NFO-OPT,NFO
46419,9440514,36877,NIFTY2460620800CE,NIFTY,0.0,2024-06-06,20800.0,0.05,25,CE,NFO-OPT,NFO
46420,9440770,36878,NIFTY2460620800PE,NIFTY,0.0,2024-06-06,20800.0,0.05,25,PE,NFO-OPT,NFO
46398,9455362,36935,NIFTY2460621350PE,NIFTY,0.0,2024-06-06,21350.0,0.05,25,PE,NFO-OPT,NFO
46348,9509122,37145,NIFTY2460623350CE,NIFTY,0.0,2024-06-06,23350.0,0.05,25,CE,NFO-OPT,NFO
46396,9455874,36937,NIFTY2460621400PE,NIFTY,0.0,2024-06-06,21400.0,0.05,25,PE,NFO-OPT,NFO
46346,9510658,37151,NIFTY2460623400CE,NIFTY,0.0,2024-06-06,23400.0,0.05,25,CE,NFO-OPT,NFO
46277,9473538,37006,NIFTY2460622200CE,NIFTY,0.0,2024-06-06,22200.0,0.05,25,CE,NFO-OPT,NFO
46278,9474306,37009,NIFTY2460622200PE,NIFTY,0.0,2024-06-06,22200.0,0.05,25,PE,NFO-OPT,NFO
46279,9497346,37099,NIFTY2460622900CE,NIFTY,0.0,2024-06-06,22900.0,0.05,25,CE,NFO-OPT,NFO
46280,9497602,37100,NIFTY2460622900PE,NIFTY,0.0,2024-06-06,22900.0,0.05,25,PE,NFO-OPT,NFO
46281,9498114,37102,NIFTY2460622950PE,NIFTY,0.0,2024-06-06,22950.0,0.05,25,PE,NFO-OPT,NFO
46282,9586946,37449,NIFTY2460625000CE,NIFTY,0.0,2024-06-06,25000.0,0.05,25,CE,NFO-OPT,NFO
46283,9605890,37523,NIFTY2460625000PE,NIFTY,0.0,2024-06-06,25000.0,0.05,25,PE,NFO-OPT,NFO
46284,9585666,37444,NIFTY2460624950CE,NIFTY,0.0,2024-06-06,24950.0,0.05,25,CE,NFO-OPT,NFO
46285,9585922,37445,NIFTY2460624950PE,NIFTY,0.0,2024-06-06,24950.0,0.05,25,PE,NFO-OPT,NFO
46275,9493250,37083,NIFTY2460622850CE,NIFTY,0.0,2024-06-06,22850.0,0.05,25,CE,NFO-OPT,NFO
46286,9549058,37301,NIFTY2460624900CE,NIFTY,0.0,2024-06-06,24900.0,0.05,25,CE,NFO-OPT,NFO
46288,9548546,37299,NIFTY2460624850CE,NIFTY,0.0,2024-06-06,24850.0,0.05,25,CE,NFO-OPT,NFO
46289,9548802,37300,NIFTY2460624850PE,NIFTY,0.0,2024-06-06,24850.0,0.05,25,PE,NFO-OPT,NFO
46290,9547010,37293,NIFTY2460624800CE,NIFTY,0.0,2024-06-06,24800.0,0.05,25,CE,NFO-OPT,NFO
46291,9548290,37298,NIFTY2460624800PE,NIFTY,0.0,2024-06-06,24800.0,0.05,25,PE,NFO-OPT,NFO
46292,9546498,37291,NIFTY2460624750CE,NIFTY,0.0,2024-06-06,24750.0,0.05,25,CE,NFO-OPT,NFO
46293,9546754,37292,NIFTY2460624750PE,NIFTY,0.0,2024-06-06,24750.0,0.05,25,PE,NFO-OPT,NFO
46294,9543938,37281,NIFTY2460624700CE,NIFTY,0.0,2024-06-06,24700.0,0.05,25,CE,NFO-OPT,NFO
46295,9544194,37282,NIFTY2460624700PE,NIFTY,0.0,2024-06-06,24700.0,0.05,25,PE,NFO-OPT,NFO
46296,9537282,37255,NIFTY2460624650CE,NIFTY,0.0,2024-06-06,24650.0,0.05,25,CE,NFO-OPT,NFO
46287,9549314,37302,NIFTY2460624900PE,NIFTY,0.0,2024-06-06,24900.0,0.05,25,PE,NFO-OPT,NFO
46274,9475330,37013,NIFTY2460622250PE,NIFTY,0.0,2024-06-06,22250.0,0.05,25,PE,NFO-OPT,NFO
46273,9474562,37010,NIFTY2460622250CE,NIFTY,0.0,2024-06-06,22250.0,0.05,25,CE,NFO-OPT,NFO
46272,9491458,37076,NIFTY2460622800PE,NIFTY,0.0,2024-06-06,22800.0,0.05,25,PE,NFO-OPT,NFO
46347,9510914,37152,NIFTY2460623400PE,NIFTY,0.0,2024-06-06,23400.0,0.05,25,PE,NFO-OPT,NFO
46252,9486082,37055,NIFTY2460622550PE,NIFTY,0.0,2024-06-06,22550.0,0.05,25,PE,NFO-OPT,NFO
46253,9484802,37050,NIFTY2460622500CE,NIFTY,0.0,2024-06-06,22500.0,0.05,25,CE,NFO-OPT,NFO
46254,9485058,37051,NIFTY2460622500PE,NIFTY,0.0,2024-06-06,22500.0,0.05,25,PE,NFO-OPT,NFO
46255,9486338,37056,NIFTY2460622600CE,NIFTY,0.0,2024-06-06,22600.0,0.05,25,CE,NFO-OPT,NFO
46256,9486594,37057,NIFTY2460622600PE,NIFTY,0.0,2024-06-06,22600.0,0.05,25,PE,NFO-OPT,NFO
46257,9484290,37048,NIFTY2460622450CE,NIFTY,0.0,2024-06-06,22450.0,0.05,25,CE,NFO-OPT,NFO
46258,9484546,37049,NIFTY2460622450PE,NIFTY,0.0,2024-06-06,22450.0,0.05,25,PE,NFO-OPT,NFO
46259,9487362,37060,NIFTY2460622650CE,NIFTY,0.0,2024-06-06,22650.0,0.05,25,CE,NFO-OPT,NFO
46260,9487618,37061,NIFTY2460622650PE,NIFTY,0.0,2024-06-06,22650.0,0.05,25,PE,NFO-OPT,NFO
46261,9480450,37033,NIFTY2460622400CE,NIFTY,0.0,2024-06-06,22400.0,0.05,25,CE,NFO-OPT,NFO
46262,9480706,37034,NIFTY2460622400PE,NIFTY,0.0,2024-06-06,22400.0,0.05,25,PE,NFO-OPT,NFO
46263,9489922,37070,NIFTY2460622700CE,NIFTY,0.0,2024-06-06,22700.0,0.05,25,CE,NFO-OPT,NFO
46264,9490178,37071,NIFTY2460622700PE,NIFTY,0.0,2024-06-06,22700.0,0.05,25,PE,NFO-OPT,NFO
46265,9477890,37023,NIFTY2460622350CE,NIFTY,0.0,2024-06-06,22350.0,0.05,25,CE,NFO-OPT,NFO
46266,9478146,37024,NIFTY2460622350PE,NIFTY,0.0,2024-06-06,22350.0,0.05,25,PE,NFO-OPT,NFO
46267,9490434,37072,NIFTY2460622750CE,NIFTY,0.0,2024-06-06,22750.0,0.05,25,CE,NFO-OPT,NFO
46268,9490690,37073,NIFTY2460622750PE,NIFTY,0.0,2024-06-06,22750.0,0.05,25,PE,NFO-OPT,NFO
46269,9476866,37019,NIFTY2460622300CE,NIFTY,0.0,2024-06-06,22300.0,0.05,25,CE,NFO-OPT,NFO
46270,9477122,37020,NIFTY2460622300PE,NIFTY,0.0,2024-06-06,22300.0,0.05,25,PE,NFO-OPT,NFO
46271,9491202,37075,NIFTY2460622800CE,NIFTY,0.0,2024-06-06,22800.0,0.05,25,CE,NFO-OPT,NFO
46297,9537538,37256,NIFTY2460624650PE,NIFTY,0.0,2024-06-06,24650.0,0.05,25,PE,NFO-OPT,NFO
46298,9536770,37253,NIFTY2460624600CE,NIFTY,0.0,2024-06-06,24600.0,0.05,25,CE,NFO-OPT,NFO
46276,9493506,37084,NIFTY2460622850PE,NIFTY,0.0,2024-06-06,22850.0,0.05,25,PE,NFO-OPT,NFO
46344,9511938,37156,NIFTY2460623450CE,NIFTY,0.0,2024-06-06,23450.0,0.05,25,CE,NFO-OPT,NFO
46324,9521922,37195,NIFTY2460623950CE,NIFTY,0.0,2024-06-06,23950.0,0.05,25,CE,NFO-OPT,NFO
46325,9522178,37196,NIFTY2460623950PE,NIFTY,0.0,2024-06-06,23950.0,0.05,25,PE,NFO-OPT,NFO
46326,9521410,37193,NIFTY2460623900CE,NIFTY,0.0,2024-06-06,23900.0,0.05,25,CE,NFO-OPT,NFO
46327,9521666,37194,NIFTY2460623900PE,NIFTY,0.0,2024-06-06,23900.0,0.05,25,PE,NFO-OPT,NFO
46328,9520898,37191,NIFTY2460623850CE,NIFTY,0.0,2024-06-06,23850.0,0.05,25,CE,NFO-OPT,NFO
46329,9521154,37192,NIFTY2460623850PE,NIFTY,0.0,2024-06-06,23850.0,0.05,25,PE,NFO-OPT,NFO
46330,9520386,37189,NIFTY2460623800CE,NIFTY,0.0,2024-06-06,23800.0,0.05,25,CE,NFO-OPT,NFO
46331,9520642,37190,NIFTY2460623800PE,NIFTY,0.0,2024-06-06,23800.0,0.05,25,PE,NFO-OPT,NFO
46333,9519618,37186,NIFTY2460623750PE,NIFTY,0.0,2024-06-06,23750.0,0.05,25,PE,NFO-OPT,NFO
46334,9518850,37183,NIFTY2460623700CE,NIFTY,0.0,2024-06-06,23700.0,0.05,25,CE,NFO-OPT,NFO
46335,9519106,37184,NIFTY2460623700PE,NIFTY,0.0,2024-06-06,23700.0,0.05,25,PE,NFO-OPT,NFO
46336,9518338,37181,NIFTY2460623650CE,NIFTY,0.0,2024-06-06,23650.0,0.05,25,CE,NFO-OPT,NFO
46337,9518594,37182,NIFTY2460623650PE,NIFTY,0.0,2024-06-06,23650.0,0.05,25,PE,NFO-OPT,NFO
46338,9517826,37179,NIFTY2460623600CE,NIFTY,0.0,2024-06-06,23600.0,0.05,25,CE,NFO-OPT,NFO
46339,9518082,37180,NIFTY2460623600PE,NIFTY,0.0,2024-06-06,23600.0,0.05,25,PE,NFO-OPT,NFO
46340,9515778,37171,NIFTY2460623550CE,NIFTY,0.0,2024-06-06,23550.0,0.05,25,CE,NFO-OPT,NFO
46341,9516034,37172,NIFTY2460623550PE,NIFTY,0.0,2024-06-06,23550.0,0.05,25,PE,NFO-OPT,NFO
46342,9515010,37168,NIFTY2460623500CE,NIFTY,0.0,2024-06-06,23500.0,0.05,25,CE,NFO-OPT,NFO
46343,9515266,37169,NIFTY2460623500PE,NIFTY,0.0,2024-06-06,23500.0,0.05,25,PE,NFO-OPT,NFO
46299,9537026,37254,NIFTY2460624600PE,NIFTY,0.0,2024-06-06,24600.0,0.05,25,PE,NFO-OPT,NFO
46345,9514754,37167,NIFTY2460623450PE,NIFTY,0.0,2024-06-06,23450.0,0.05,25,PE,NFO-OPT,NFO
46323,9523714,37202,NIFTY2460624000PE,NIFTY,0.0,2024-06-06,24000.0,0.05,25,PE,NFO-OPT,NFO
46322,9523458,37201,NIFTY2460624000CE,NIFTY,0.0,2024-06-06,24000.0,0.05,25,CE,NFO-OPT,NFO
46332,9519362,37185,NIFTY2460623750CE,NIFTY,0.0,2024-06-06,23750.0,0.05,25,CE,NFO-OPT,NFO
46301,9536514,37252,NIFTY2460624550PE,NIFTY,0.0,2024-06-06,24550.0,0.05,25,PE,NFO-OPT,NFO
46300,9536258,37251,NIFTY2460624550CE,NIFTY,0.0,2024-06-06,24550.0,0.05,25,CE,NFO-OPT,NFO
46321,9524226,37204,NIFTY2460624050PE,NIFTY,0.0,2024-06-06,24050.0,0.05,25,PE,NFO-OPT,NFO
46302,9535746,37249,NIFTY2460624500CE,NIFTY,0.0,2024-06-06,24500.0,0.05,25,CE,NFO-OPT,NFO
46303,9536002,37250,NIFTY2460624500PE,NIFTY,0.0,2024-06-06,24500.0,0.05,25,PE,NFO-OPT,NFO
46304,9535234,37247,NIFTY2460624450CE,NIFTY,0.0,2024-06-06,24450.0,0.05,25,CE,NFO-OPT,NFO
46305,9535490,37248,NIFTY2460624450PE,NIFTY,0.0,2024-06-06,24450.0,0.05,25,PE,NFO-OPT,NFO
46306,9533954,37242,NIFTY2460624400CE,NIFTY,0.0,2024-06-06,24400.0,0.05,25,CE,NFO-OPT,NFO
46308,9531138,37231,NIFTY2460624350CE,NIFTY,0.0,2024-06-06,24350.0,0.05,25,CE,NFO-OPT,NFO
46309,9531394,37232,NIFTY2460624350PE,NIFTY,0.0,2024-06-06,24350.0,0.05,25,PE,NFO-OPT,NFO
46310,9529858,37226,NIFTY2460624300CE,NIFTY,0.0,2024-06-06,24300.0,0.05,25,CE,NFO-OPT,NFO
46307,9534210,37243,NIFTY2460624400PE,NIFTY,0.0,2024-06-06,24400.0,0.05,25,PE,NFO-OPT,NFO
46312,9528834,37222,NIFTY2460624250CE,NIFTY,0.0,2024-06-06,24250.0,0.05,25,CE,NFO-OPT,NFO
46320,9523970,37203,NIFTY2460624050CE,NIFTY,0.0,2024-06-06,24050.0,0.05,25,CE,NFO-OPT,NFO
46311,9530114,37227,NIFTY2460624300PE,NIFTY,0.0,2024-06-06,24300.0,0.05,25,PE,NFO-OPT,NFO
46318,9524482,37205,NIFTY2460624100CE,NIFTY,0.0,2024-06-06,24100.0,0.05,25,CE,NFO-OPT,NFO
46317,9525250,37208,NIFTY2460624150PE,NIFTY,0.0,2024-06-06,24150.0,0.05,25,PE,NFO-OPT,NFO
46316,9524994,37207,NIFTY2460624150CE,NIFTY,0.0,2024-06-06,24150.0,0.05,25,CE,NFO-OPT,NFO
46319,9524738,37206,NIFTY2460624100PE,NIFTY,0.0,2024-06-06,24100.0,0.05,25,PE,NFO-OPT,NFO
46314,9528322,37220,NIFTY2460624200CE,NIFTY,0.0,2024-06-06,24200.0,0.05,25,CE,NFO-OPT,NFO
46313,9529090,37223,NIFTY2460624250PE,NIFTY,0.0,2024-06-06,24250.0,0.05,25,PE,NFO-OPT,NFO
46315,9528578,37221,NIFTY2460624200PE,NIFTY,0.0,2024-06-06,24200.0,0.05,25,PE,NFO-OPT,NFO
46577,11195394,43732,NIFTY2461321700CE,NIFTY,0.0,2024-06-13,21700.0,0.05,25,CE,NFO-OPT,NFO
46569,11203330,43763,NIFTY2461321900CE,NIFTY,0.0,2024-06-13,21900.0,0.05,25,CE,NFO-OPT,NFO
46570,11205122,43770,NIFTY2461321900PE,NIFTY,0.0,2024-06-13,21900.0,0.05,25,PE,NFO-OPT,NFO
46571,11198466,43744,NIFTY2461321850CE,NIFTY,0.0,2024-06-13,21850.0,0.05,25,CE,NFO-OPT,NFO
46572,11201538,43756,NIFTY2461321850PE,NIFTY,0.0,2024-06-13,21850.0,0.05,25,PE,NFO-OPT,NFO
46573,11196674,43737,NIFTY2461321800CE,NIFTY,0.0,2024-06-13,21800.0,0.05,25,CE,NFO-OPT,NFO
46574,11196930,43738,NIFTY2461321800PE,NIFTY,0.0,2024-06-13,21800.0,0.05,25,PE,NFO-OPT,NFO
46575,11196162,43735,NIFTY2461321750CE,NIFTY,0.0,2024-06-13,21750.0,0.05,25,CE,NFO-OPT,NFO
46576,11196418,43736,NIFTY2461321750PE,NIFTY,0.0,2024-06-13,21750.0,0.05,25,PE,NFO-OPT,NFO
46578,11195650,43733,NIFTY2461321700PE,NIFTY,0.0,2024-06-13,21700.0,0.05,25,PE,NFO-OPT,NFO
46588,11182850,43683,NIFTY2461321450PE,NIFTY,0.0,2024-06-13,21450.0,0.05,25,PE,NFO-OPT,NFO
46580,11195138,43731,NIFTY2461321650PE,NIFTY,0.0,2024-06-13,21650.0,0.05,25,PE,NFO-OPT,NFO
46581,11185922,43695,NIFTY2461321600CE,NIFTY,0.0,2024-06-13,21600.0,0.05,25,CE,NFO-OPT,NFO
46582,11194626,43729,NIFTY2461321600PE,NIFTY,0.0,2024-06-13,21600.0,0.05,25,PE,NFO-OPT,NFO
46583,11185410,43693,NIFTY2461321550CE,NIFTY,0.0,2024-06-13,21550.0,0.05,25,CE,NFO-OPT,NFO
46584,11185666,43694,NIFTY2461321550PE,NIFTY,0.0,2024-06-13,21550.0,0.05,25,PE,NFO-OPT,NFO
46585,11183106,43684,NIFTY2461321500CE,NIFTY,0.0,2024-06-13,21500.0,0.05,25,CE,NFO-OPT,NFO
46586,11185154,43692,NIFTY2461321500PE,NIFTY,0.0,2024-06-13,21500.0,0.05,25,PE,NFO-OPT,NFO
46587,11181314,43677,NIFTY2461321450CE,NIFTY,0.0,2024-06-13,21450.0,0.05,25,CE,NFO-OPT,NFO
46568,11210498,43791,NIFTY2461321950PE,NIFTY,0.0,2024-06-13,21950.0,0.05,25,PE,NFO-OPT,NFO
46579,11194882,43730,NIFTY2461321650CE,NIFTY,0.0,2024-06-13,21650.0,0.05,25,CE,NFO-OPT,NFO
46567,11205378,43771,NIFTY2461321950CE,NIFTY,0.0,2024-06-13,21950.0,0.05,25,CE,NFO-OPT,NFO
46544,11258882,43980,NIFTY2461323300CE,NIFTY,0.0,2024-06-13,23300.0,0.05,25,CE,NFO-OPT,NFO
46565,11210754,43792,NIFTY2461322000CE,NIFTY,0.0,2024-06-13,22000.0,0.05,25,CE,NFO-OPT,NFO
46589,11180802,43675,NIFTY2461321400CE,NIFTY,0.0,2024-06-13,21400.0,0.05,25,CE,NFO-OPT,NFO
46545,11259138,43981,NIFTY2461323300PE,NIFTY,0.0,2024-06-13,23300.0,0.05,25,PE,NFO-OPT,NFO
46546,11258370,43978,NIFTY2461323250CE,NIFTY,0.0,2024-06-13,23250.0,0.05,25,CE,NFO-OPT,NFO
46547,11258626,43979,NIFTY2461323250PE,NIFTY,0.0,2024-06-13,23250.0,0.05,25,PE,NFO-OPT,NFO
46548,11257602,43975,NIFTY2461323200CE,NIFTY,0.0,2024-06-13,23200.0,0.05,25,CE,NFO-OPT,NFO
46549,11257858,43976,NIFTY2461323200PE,NIFTY,0.0,2024-06-13,23200.0,0.05,25,PE,NFO-OPT,NFO
46550,11256578,43971,NIFTY2461323150CE,NIFTY,0.0,2024-06-13,23150.0,0.05,25,CE,NFO-OPT,NFO
46551,11256834,43972,NIFTY2461323150PE,NIFTY,0.0,2024-06-13,23150.0,0.05,25,PE,NFO-OPT,NFO
46552,11254786,43964,NIFTY2461323100CE,NIFTY,0.0,2024-06-13,23100.0,0.05,25,CE,NFO-OPT,NFO
46553,11255042,43965,NIFTY2461323100PE,NIFTY,0.0,2024-06-13,23100.0,0.05,25,PE,NFO-OPT,NFO
46554,11253250,43958,NIFTY2461323050CE,NIFTY,0.0,2024-06-13,23050.0,0.05,25,CE,NFO-OPT,NFO
46555,11254530,43963,NIFTY2461323050PE,NIFTY,0.0,2024-06-13,23050.0,0.05,25,PE,NFO-OPT,NFO
46556,11252738,43956,NIFTY2461323000CE,NIFTY,0.0,2024-06-13,23000.0,0.05,25,CE,NFO-OPT,NFO
46557,11252994,43957,NIFTY2461323000PE,NIFTY,0.0,2024-06-13,23000.0,0.05,25,PE,NFO-OPT,NFO
46558,11248642,43940,NIFTY2461322950CE,NIFTY,0.0,2024-06-13,22950.0,0.05,25,CE,NFO-OPT,NFO
46559,11225346,43849,NIFTY2461322150CE,NIFTY,0.0,2024-06-13,22150.0,0.05,25,CE,NFO-OPT,NFO
46560,11225602,43850,NIFTY2461322150PE,NIFTY,0.0,2024-06-13,22150.0,0.05,25,PE,NFO-OPT,NFO
46561,11212290,43798,NIFTY2461322100CE,NIFTY,0.0,2024-06-13,22100.0,0.05,25,CE,NFO-OPT,NFO
46562,11224322,43845,NIFTY2461322100PE,NIFTY,0.0,2024-06-13,22100.0,0.05,25,PE,NFO-OPT,NFO
46563,11211266,43794,NIFTY2461322050CE,NIFTY,0.0,2024-06-13,22050.0,0.05,25,CE,NFO-OPT,NFO
46564,11212034,43797,NIFTY2461322050PE,NIFTY,0.0,2024-06-13,22050.0,0.05,25,PE,NFO-OPT,NFO
46566,11211010,43793,NIFTY2461322000PE,NIFTY,0.0,2024-06-13,22000.0,0.05,25,PE,NFO-OPT,NFO
46590,11181058,43676,NIFTY2461321400PE,NIFTY,0.0,2024-06-13,21400.0,0.05,25,PE,NFO-OPT,NFO
46638,11150082,43555,NIFTY2461320200PE,NIFTY,0.0,2024-06-13,20200.0,0.05,25,PE,NFO-OPT,NFO
46592,11180546,43674,NIFTY2461321350PE,NIFTY,0.0,2024-06-13,21350.0,0.05,25,PE,NFO-OPT,NFO
46618,11160578,43596,NIFTY2461320700PE,NIFTY,0.0,2024-06-13,20700.0,0.05,25,PE,NFO-OPT,NFO
46619,11159810,43593,NIFTY2461320650CE,NIFTY,0.0,2024-06-13,20650.0,0.05,25,CE,NFO-OPT,NFO
46620,11160066,43594,NIFTY2461320650PE,NIFTY,0.0,2024-06-13,20650.0,0.05,25,PE,NFO-OPT,NFO
46621,11158786,43589,NIFTY2461320600CE,NIFTY,0.0,2024-06-13,20600.0,0.05,25,CE,NFO-OPT,NFO
46622,11159042,43590,NIFTY2461320600PE,NIFTY,0.0,2024-06-13,20600.0,0.05,25,PE,NFO-OPT,NFO
46623,11157250,43583,NIFTY2461320550CE,NIFTY,0.0,2024-06-13,20550.0,0.05,25,CE,NFO-OPT,NFO
46624,11157506,43584,NIFTY2461320550PE,NIFTY,0.0,2024-06-13,20550.0,0.05,25,PE,NFO-OPT,NFO
46625,11156738,43581,NIFTY2461320500CE,NIFTY,0.0,2024-06-13,20500.0,0.05,25,CE,NFO-OPT,NFO
46626,11156994,43582,NIFTY2461320500PE,NIFTY,0.0,2024-06-13,20500.0,0.05,25,PE,NFO-OPT,NFO
46627,11155970,43578,NIFTY2461320450CE,NIFTY,0.0,2024-06-13,20450.0,0.05,25,CE,NFO-OPT,NFO
46628,11156482,43580,NIFTY2461320450PE,NIFTY,0.0,2024-06-13,20450.0,0.05,25,PE,NFO-OPT,NFO
46629,11155202,43575,NIFTY2461320400CE,NIFTY,0.0,2024-06-13,20400.0,0.05,25,CE,NFO-OPT,NFO
46630,11155458,43576,NIFTY2461320400PE,NIFTY,0.0,2024-06-13,20400.0,0.05,25,PE,NFO-OPT,NFO
46631,11152898,43566,NIFTY2461320350CE,NIFTY,0.0,2024-06-13,20350.0,0.05,25,CE,NFO-OPT,NFO
46632,11154946,43574,NIFTY2461320350PE,NIFTY,0.0,2024-06-13,20350.0,0.05,25,PE,NFO-OPT,NFO
46633,11151362,43560,NIFTY2461320300CE,NIFTY,0.0,2024-06-13,20300.0,0.05,25,CE,NFO-OPT,NFO
46634,11151874,43562,NIFTY2461320300PE,NIFTY,0.0,2024-06-13,20300.0,0.05,25,PE,NFO-OPT,NFO
46635,11150338,43556,NIFTY2461320250CE,NIFTY,0.0,2024-06-13,20250.0,0.05,25,CE,NFO-OPT,NFO
46636,11151106,43559,NIFTY2461320250PE,NIFTY,0.0,2024-06-13,20250.0,0.05,25,PE,NFO-OPT,NFO
46637,11149826,43554,NIFTY2461320200CE,NIFTY,0.0,2024-06-13,20200.0,0.05,25,CE,NFO-OPT,NFO
46543,11260930,43988,NIFTY2461323350PE,NIFTY,0.0,2024-06-13,23350.0,0.05,25,PE,NFO-OPT,NFO
46617,11160322,43595,NIFTY2461320700CE,NIFTY,0.0,2024-06-13,20700.0,0.05,25,CE,NFO-OPT,NFO
46591,11179778,43671,NIFTY2461321350CE,NIFTY,0.0,2024-06-13,21350.0,0.05,25,CE,NFO-OPT,NFO
46616,11162114,43602,NIFTY2461320750PE,NIFTY,0.0,2024-06-13,20750.0,0.05,25,PE,NFO-OPT,NFO
46614,11163138,43606,NIFTY2461320800PE,NIFTY,0.0,2024-06-13,20800.0,0.05,25,PE,NFO-OPT,NFO
46593,11178498,43666,NIFTY2461321300CE,NIFTY,0.0,2024-06-13,21300.0,0.05,25,CE,NFO-OPT,NFO
46594,11178754,43667,NIFTY2461321300PE,NIFTY,0.0,2024-06-13,21300.0,0.05,25,PE,NFO-OPT,NFO
46595,11177730,43663,NIFTY2461321250CE,NIFTY,0.0,2024-06-13,21250.0,0.05,25,CE,NFO-OPT,NFO
46596,11178242,43665,NIFTY2461321250PE,NIFTY,0.0,2024-06-13,21250.0,0.05,25,PE,NFO-OPT,NFO
46597,11175426,43654,NIFTY2461321200CE,NIFTY,0.0,2024-06-13,21200.0,0.05,25,CE,NFO-OPT,NFO
46598,11177218,43661,NIFTY2461321200PE,NIFTY,0.0,2024-06-13,21200.0,0.05,25,PE,NFO-OPT,NFO
46599,11173890,43648,NIFTY2461321150CE,NIFTY,0.0,2024-06-13,21150.0,0.05,25,CE,NFO-OPT,NFO
46600,11174402,43650,NIFTY2461321150PE,NIFTY,0.0,2024-06-13,21150.0,0.05,25,PE,NFO-OPT,NFO
46601,11172354,43642,NIFTY2461321100CE,NIFTY,0.0,2024-06-13,21100.0,0.05,25,CE,NFO-OPT,NFO
46602,11173122,43645,NIFTY2461321100PE,NIFTY,0.0,2024-06-13,21100.0,0.05,25,PE,NFO-OPT,NFO
46603,11171330,43638,NIFTY2461321050CE,NIFTY,0.0,2024-06-13,21050.0,0.05,25,CE,NFO-OPT,NFO
46604,11171586,43639,NIFTY2461321050PE,NIFTY,0.0,2024-06-13,21050.0,0.05,25,PE,NFO-OPT,NFO
46605,11170562,43635,NIFTY2461321000CE,NIFTY,0.0,2024-06-13,21000.0,0.05,25,CE,NFO-OPT,NFO
46606,11171074,43637,NIFTY2461321000PE,NIFTY,0.0,2024-06-13,21000.0,0.05,25,PE,NFO-OPT,NFO
46607,11168258,43626,NIFTY2461320950CE,NIFTY,0.0,2024-06-13,20950.0,0.05,25,CE,NFO-OPT,NFO
46608,11170050,43633,NIFTY2461320950PE,NIFTY,0.0,2024-06-13,20950.0,0.05,25,PE,NFO-OPT,NFO
46609,11167234,43622,NIFTY2461320900CE,NIFTY,0.0,2024-06-13,20900.0,0.05,25,CE,NFO-OPT,NFO
46610,11167490,43623,NIFTY2461320900PE,NIFTY,0.0,2024-06-13,20900.0,0.05,25,PE,NFO-OPT,NFO
46611,11164418,43611,NIFTY2461320850CE,NIFTY,0.0,2024-06-13,20850.0,0.05,25,CE,NFO-OPT,NFO
46612,11165442,43615,NIFTY2461320850PE,NIFTY,0.0,2024-06-13,20850.0,0.05,25,PE,NFO-OPT,NFO
46613,11162370,43603,NIFTY2461320800CE,NIFTY,0.0,2024-06-13,20800.0,0.05,25,CE,NFO-OPT,NFO
46615,11161858,43601,NIFTY2461320750CE,NIFTY,0.0,2024-06-13,20750.0,0.05,25,CE,NFO-OPT,NFO
46542,11260674,43987,NIFTY2461323350CE,NIFTY,0.0,2024-06-13,23350.0,0.05,25,CE,NFO-OPT,NFO
46488,11298050,44133,NIFTY2461324700CE,NIFTY,0.0,2024-06-13,24700.0,0.05,25,CE,NFO-OPT,NFO
46540,11261186,43989,NIFTY2461323400CE,NIFTY,0.0,2024-06-13,23400.0,0.05,25,CE,NFO-OPT,NFO
46470,11245058,43926,NIFTY2461322850PE,NIFTY,0.0,2024-06-13,22850.0,0.05,25,PE,NFO-OPT,NFO
46471,11225858,43851,NIFTY2461322200CE,NIFTY,0.0,2024-06-13,22200.0,0.05,25,CE,NFO-OPT,NFO
46472,11226114,43852,NIFTY2461322200PE,NIFTY,0.0,2024-06-13,22200.0,0.05,25,PE,NFO-OPT,NFO
46473,11245314,43927,NIFTY2461322900CE,NIFTY,0.0,2024-06-13,22900.0,0.05,25,CE,NFO-OPT,NFO
46474,11246082,43930,NIFTY2461322900PE,NIFTY,0.0,2024-06-13,22900.0,0.05,25,PE,NFO-OPT,NFO
46475,11248898,43941,NIFTY2461322950PE,NIFTY,0.0,2024-06-13,22950.0,0.05,25,PE,NFO-OPT,NFO
46476,11316994,44207,NIFTY2461325000CE,NIFTY,0.0,2024-06-13,25000.0,0.05,25,CE,NFO-OPT,NFO
46477,11317250,44208,NIFTY2461325000PE,NIFTY,0.0,2024-06-13,25000.0,0.05,25,PE,NFO-OPT,NFO
46478,11314946,44199,NIFTY2461324950CE,NIFTY,0.0,2024-06-13,24950.0,0.05,25,CE,NFO-OPT,NFO
46469,11244802,43925,NIFTY2461322850CE,NIFTY,0.0,2024-06-13,22850.0,0.05,25,CE,NFO-OPT,NFO
46479,11315202,44200,NIFTY2461324950PE,NIFTY,0.0,2024-06-13,24950.0,0.05,25,PE,NFO-OPT,NFO
46481,11314434,44197,NIFTY2461324900PE,NIFTY,0.0,2024-06-13,24900.0,0.05,25,PE,NFO-OPT,NFO
46482,11308290,44173,NIFTY2461324850CE,NIFTY,0.0,2024-06-13,24850.0,0.05,25,CE,NFO-OPT,NFO
46483,11308802,44175,NIFTY2461324850PE,NIFTY,0.0,2024-06-13,24850.0,0.05,25,PE,NFO-OPT,NFO
46484,11306754,44167,NIFTY2461324800CE,NIFTY,0.0,2024-06-13,24800.0,0.05,25,CE,NFO-OPT,NFO
46485,11307522,44170,NIFTY2461324800PE,NIFTY,0.0,2024-06-13,24800.0,0.05,25,PE,NFO-OPT,NFO
46486,11306242,44165,NIFTY2461324750CE,NIFTY,0.0,2024-06-13,24750.0,0.05,25,CE,NFO-OPT,NFO
46487,11306498,44166,NIFTY2461324750PE,NIFTY,0.0,2024-06-13,24750.0,0.05,25,PE,NFO-OPT,NFO
46489,11298306,44134,NIFTY2461324700PE,NIFTY,0.0,2024-06-13,24700.0,0.05,25,PE,NFO-OPT,NFO
46490,11297282,44130,NIFTY2461324650CE,NIFTY,0.0,2024-06-13,24650.0,0.05,25,CE,NFO-OPT,NFO
46480,11314178,44196,NIFTY2461324900CE,NIFTY,0.0,2024-06-13,24900.0,0.05,25,CE,NFO-OPT,NFO
46468,11229698,43866,NIFTY2461322250PE,NIFTY,0.0,2024-06-13,22250.0,0.05,25,PE,NFO-OPT,NFO
46467,11226370,43853,NIFTY2461322250CE,NIFTY,0.0,2024-06-13,22250.0,0.05,25,CE,NFO-OPT,NFO
46466,11243266,43919,NIFTY2461322800PE,NIFTY,0.0,2024-06-13,22800.0,0.05,25,PE,NFO-OPT,NFO
46445,11235842,43890,NIFTY2461322550CE,NIFTY,0.0,2024-06-13,22550.0,0.05,25,CE,NFO-OPT,NFO
46446,11236354,43892,NIFTY2461322550PE,NIFTY,0.0,2024-06-13,22550.0,0.05,25,PE,NFO-OPT,NFO
46447,11235330,43888,NIFTY2461322500CE,NIFTY,0.0,2024-06-13,22500.0,0.05,25,CE,NFO-OPT,NFO
46448,11235586,43889,NIFTY2461322500PE,NIFTY,0.0,2024-06-13,22500.0,0.05,25,PE,NFO-OPT,NFO
46541,11262210,43993,NIFTY2461323400PE,NIFTY,0.0,2024-06-13,23400.0,0.05,25,PE,NFO-OPT,NFO
46450,11236866,43894,NIFTY2461322600PE,NIFTY,0.0,2024-06-13,22600.0,0.05,25,PE,NFO-OPT,NFO
46451,11234818,43886,NIFTY2461322450CE,NIFTY,0.0,2024-06-13,22450.0,0.05,25,CE,NFO-OPT,NFO
46452,11235074,43887,NIFTY2461322450PE,NIFTY,0.0,2024-06-13,22450.0,0.05,25,PE,NFO-OPT,NFO
46453,11237122,43895,NIFTY2461322650CE,NIFTY,0.0,2024-06-13,22650.0,0.05,25,CE,NFO-OPT,NFO
46454,11237378,43896,NIFTY2461322650PE,NIFTY,0.0,2024-06-13,22650.0,0.05,25,PE,NFO-OPT,NFO
46455,11234050,43883,NIFTY2461322400CE,NIFTY,0.0,2024-06-13,22400.0,0.05,25,CE,NFO-OPT,NFO
46456,11234562,43885,NIFTY2461322400PE,NIFTY,0.0,2024-06-13,22400.0,0.05,25,PE,NFO-OPT,NFO
46457,11237634,43897,NIFTY2461322700CE,NIFTY,0.0,2024-06-13,22700.0,0.05,25,CE,NFO-OPT,NFO
46458,11237890,43898,NIFTY2461322700PE,NIFTY,0.0,2024-06-13,22700.0,0.05,25,PE,NFO-OPT,NFO
46459,11230466,43869,NIFTY2461322350CE,NIFTY,0.0,2024-06-13,22350.0,0.05,25,CE,NFO-OPT,NFO
46460,11230722,43870,NIFTY2461322350PE,NIFTY,0.0,2024-06-13,22350.0,0.05,25,PE,NFO-OPT,NFO
46461,11238146,43899,NIFTY2461322750CE,NIFTY,0.0,2024-06-13,22750.0,0.05,25,CE,NFO-OPT,NFO
46462,11242498,43916,NIFTY2461322750PE,NIFTY,0.0,2024-06-13,22750.0,0.05,25,PE,NFO-OPT,NFO
46463,11229954,43867,NIFTY2461322300CE,NIFTY,0.0,2024-06-13,22300.0,0.05,25,CE,NFO-OPT,NFO
46464,11230210,43868,NIFTY2461322300PE,NIFTY,0.0,2024-06-13,22300.0,0.05,25,PE,NFO-OPT,NFO
46465,11242754,43917,NIFTY2461322800CE,NIFTY,0.0,2024-06-13,22800.0,0.05,25,CE,NFO-OPT,NFO
46491,11297794,44132,NIFTY2461324650PE,NIFTY,0.0,2024-06-13,24650.0,0.05,25,PE,NFO-OPT,NFO
46492,11296770,44128,NIFTY2461324600CE,NIFTY,0.0,2024-06-13,24600.0,0.05,25,CE,NFO-OPT,NFO
46449,11236610,43893,NIFTY2461322600CE,NIFTY,0.0,2024-06-13,22600.0,0.05,25,CE,NFO-OPT,NFO
46494,11296258,44126,NIFTY2461324550CE,NIFTY,0.0,2024-06-13,24550.0,0.05,25,CE,NFO-OPT,NFO
46519,11273474,44037,NIFTY2461323950PE,NIFTY,0.0,2024-06-13,23950.0,0.05,25,PE,NFO-OPT,NFO
46520,11272706,44034,NIFTY2461323900CE,NIFTY,0.0,2024-06-13,23900.0,0.05,25,CE,NFO-OPT,NFO
46521,11272962,44035,NIFTY2461323900PE,NIFTY,0.0,2024-06-13,23900.0,0.05,25,PE,NFO-OPT,NFO
46522,11272194,44032,NIFTY2461323850CE,NIFTY,0.0,2024-06-13,23850.0,0.05,25,CE,NFO-OPT,NFO
46523,11272450,44033,NIFTY2461323850PE,NIFTY,0.0,2024-06-13,23850.0,0.05,25,PE,NFO-OPT,NFO
46524,11271170,44028,NIFTY2461323800CE,NIFTY,0.0,2024-06-13,23800.0,0.05,25,CE,NFO-OPT,NFO
46525,11271426,44029,NIFTY2461323800PE,NIFTY,0.0,2024-06-13,23800.0,0.05,25,PE,NFO-OPT,NFO
46526,11270658,44026,NIFTY2461323750CE,NIFTY,0.0,2024-06-13,23750.0,0.05,25,CE,NFO-OPT,NFO
46527,11270914,44027,NIFTY2461323750PE,NIFTY,0.0,2024-06-13,23750.0,0.05,25,PE,NFO-OPT,NFO
46528,11269122,44020,NIFTY2461323700CE,NIFTY,0.0,2024-06-13,23700.0,0.05,25,CE,NFO-OPT,NFO
46529,11270402,44025,NIFTY2461323700PE,NIFTY,0.0,2024-06-13,23700.0,0.05,25,PE,NFO-OPT,NFO
46530,11267586,44014,NIFTY2461323650CE,NIFTY,0.0,2024-06-13,23650.0,0.05,25,CE,NFO-OPT,NFO
46531,11268866,44019,NIFTY2461323650PE,NIFTY,0.0,2024-06-13,23650.0,0.05,25,PE,NFO-OPT,NFO
46532,11265794,44007,NIFTY2461323600CE,NIFTY,0.0,2024-06-13,23600.0,0.05,25,CE,NFO-OPT,NFO
46533,11267330,44013,NIFTY2461323600PE,NIFTY,0.0,2024-06-13,23600.0,0.05,25,PE,NFO-OPT,NFO
46534,11264002,44000,NIFTY2461323550CE,NIFTY,0.0,2024-06-13,23550.0,0.05,25,CE,NFO-OPT,NFO
46535,11264258,44001,NIFTY2461323550PE,NIFTY,0.0,2024-06-13,23550.0,0.05,25,PE,NFO-OPT,NFO
46536,11262978,43996,NIFTY2461323500CE,NIFTY,0.0,2024-06-13,23500.0,0.05,25,CE,NFO-OPT,NFO
46538,11262466,43994,NIFTY2461323450CE,NIFTY,0.0,2024-06-13,23450.0,0.05,25,CE,NFO-OPT,NFO
46539,11262722,43995,NIFTY2461323450PE,NIFTY,0.0,2024-06-13,23450.0,0.05,25,PE,NFO-OPT,NFO
46493,11297026,44129,NIFTY2461324600PE,NIFTY,0.0,2024-06-13,24600.0,0.05,25,PE,NFO-OPT,NFO
46518,11273218,44036,NIFTY2461323950CE,NIFTY,0.0,2024-06-13,23950.0,0.05,25,CE,NFO-OPT,NFO
46517,11275522,44045,NIFTY2461324000PE,NIFTY,0.0,2024-06-13,24000.0,0.05,25,PE,NFO-OPT,NFO
46537,11263490,43998,NIFTY2461323500PE,NIFTY,0.0,2024-06-13,23500.0,0.05,25,PE,NFO-OPT,NFO
46515,11276034,44047,NIFTY2461324050PE,NIFTY,0.0,2024-06-13,24050.0,0.05,25,PE,NFO-OPT,NFO
46516,11273730,44038,NIFTY2461324000CE,NIFTY,0.0,2024-06-13,24000.0,0.05,25,CE,NFO-OPT,NFO
46496,11295490,44123,NIFTY2461324500CE,NIFTY,0.0,2024-06-13,24500.0,0.05,25,CE,NFO-OPT,NFO
46497,11295746,44124,NIFTY2461324500PE,NIFTY,0.0,2024-06-13,24500.0,0.05,25,PE,NFO-OPT,NFO
46498,11294978,44121,NIFTY2461324450CE,NIFTY,0.0,2024-06-13,24450.0,0.05,25,CE,NFO-OPT,NFO
46499,11295234,44122,NIFTY2461324450PE,NIFTY,0.0,2024-06-13,24450.0,0.05,25,PE,NFO-OPT,NFO
46500,11290370,44103,NIFTY2461324400CE,NIFTY,0.0,2024-06-13,24400.0,0.05,25,CE,NFO-OPT,NFO
46501,11290882,44105,NIFTY2461324400PE,NIFTY,0.0,2024-06-13,24400.0,0.05,25,PE,NFO-OPT,NFO
46502,11289602,44100,NIFTY2461324350CE,NIFTY,0.0,2024-06-13,24350.0,0.05,25,CE,NFO-OPT,NFO
46503,11290114,44102,NIFTY2461324350PE,NIFTY,0.0,2024-06-13,24350.0,0.05,25,PE,NFO-OPT,NFO
46504,11285762,44085,NIFTY2461324300CE,NIFTY,0.0,2024-06-13,24300.0,0.05,25,CE,NFO-OPT,NFO
46495,11296514,44127,NIFTY2461324550PE,NIFTY,0.0,2024-06-13,24550.0,0.05,25,PE,NFO-OPT,NFO
46506,11281154,44067,NIFTY2461324250CE,NIFTY,0.0,2024-06-13,24250.0,0.05,25,CE,NFO-OPT,NFO
46507,11281410,44068,NIFTY2461324250PE,NIFTY,0.0,2024-06-13,24250.0,0.05,25,PE,NFO-OPT,NFO
46508,11279618,44061,NIFTY2461324200CE,NIFTY,0.0,2024-06-13,24200.0,0.05,25,CE,NFO-OPT,NFO
46509,11280386,44064,NIFTY2461324200PE,NIFTY,0.0,2024-06-13,24200.0,0.05,25,PE,NFO-OPT,NFO
46510,11279106,44059,NIFTY2461324150CE,NIFTY,0.0,2024-06-13,24150.0,0.05,25,CE,NFO-OPT,NFO
46511,11279362,44060,NIFTY2461324150PE,NIFTY,0.0,2024-06-13,24150.0,0.05,25,PE,NFO-OPT,NFO
46512,11277570,44053,NIFTY2461324100CE,NIFTY,0.0,2024-06-13,24100.0,0.05,25,CE,NFO-OPT,NFO
46514,11275778,44046,NIFTY2461324050CE,NIFTY,0.0,2024-06-13,24050.0,0.05,25,CE,NFO-OPT,NFO
46513,11277826,44054,NIFTY2461324100PE,NIFTY,0.0,2024-06-13,24100.0,0.05,25,PE,NFO-OPT,NFO
46505,11286018,44086,NIFTY2461324300PE,NIFTY,0.0,2024-06-13,24300.0,0.05,25,PE,NFO-OPT,NFO
