,instrument_token,exchange_token,tradingsymbol,name,last_price,expiry,strike,tick_size,lot_size,instrument_type,segment,exchange
46627,9485826,37054,NIFTY2460622550CE,NIFTY,0.0,2024-06-06,22550.0,0.05,25,CE,NFO-OPT,NFO
46743,9464066,36969,NIFTY2460621800CE,NIFTY,0.0,2024-06-06,21800.0,0.05,25,CE,NFO-OPT,NFO
46744,9464578,36971,NIFTY2460621800PE,NIFTY,0.0,2024-06-06,21800.0,0.05,25,PE,NFO-OPT,NFO
46745,9463298,36966,NIFTY2460621750CE,NIFTY,0.0,2024-06-06,21750.0,0.05,25,CE,NFO-OPT,NFO
46746,9463554,36967,NIFTY2460621750PE,NIFTY,0.0,2024-06-06,21750.0,0.05,25,PE,NFO-OPT,NFO
